{"cameraMode":{"drawMode":0,"name":"Shaded","section":"Shading Mode"},"sceneLighting":true,"audioPlay":false,"sceneViewState":{"showFog":true,"showMaterialUpdate":false,"showSkybox":true,"showFlares":true,"showImageEffects":true,"showParticleSystems":true},"in2DMode":false,"pivot":{"x":-0.05000019073486328,"y":-1.0099999904632569,"z":-12.07499885559082},"rotation":{"x":0.34720927476882937,"y":0.6189371943473816,"z":-0.3521708548069,"w":0.6102121472358704},"size":159.59507751464845,"orthographic":false}