{"cameraMode":{"drawMode":0,"name":"Shaded","section":"Shading Mode"},"sceneLighting":false,"audioPlay":false,"sceneViewState":{"showFog":true,"showMaterialUpdate":false,"showSkybox":false,"showFlares":true,"showImageEffects":true,"showParticleSystems":true},"in2DMode":false,"pivot":{"x":0.025923017412424089,"y":-0.021925317123532296,"z":0.024598684161901475},"rotation":{"x":-0.42575013637542727,"y":0.26689115166664126,"z":-0.13299396634101869,"w":-0.8543540835380554},"size":22.0,"orthographic":false}