{"cameraMode":{"drawMode":0,"name":"Shaded","section":"Shading Mode"},"sceneLighting":false,"audioPlay":false,"sceneViewState":{"showFog":true,"showMaterialUpdate":false,"showSkybox":false,"showFlares":true,"showImageEffects":true,"showParticleSystems":true},"in2DMode":false,"pivot":{"x":-5.757528305053711,"y":70.23844909667969,"z":8.532190322875977},"rotation":{"x":0.08420136570930481,"y":-0.6980109214782715,"z":0.0772094652056694,"w":0.7083792686462402},"size":22.179445266723634,"orthographic":false}