{"cameraMode":{"drawMode":0,"name":"Shaded","section":"Shading Mode"},"sceneLighting":false,"audioPlay":false,"sceneViewState":{"showFog":true,"showMaterialUpdate":false,"showSkybox":false,"showFlares":true,"showImageEffects":true,"showParticleSystems":true},"in2DMode":false,"pivot":{"x":155.45635986328126,"y":28.94841194152832,"z":239.27162170410157},"rotation":{"x":-0.34786978363990786,"y":-0.009456400759518147,"z":0.003512516850605607,"w":-0.9375072717666626},"size":44.778053283691409,"orthographic":false}